<?xml version="1.0" encoding="utf-8"?>
<feed xmlns="http://www.w3.org/2005/Atom"
    xmlns:rdf="http://www.w3.org/1999/02/22-rdf-syntax-ns#"
    xmlns:leap2="http://terms.leapspecs.org/"
    xmlns:categories="http://wiki.leapspecs.org/2A/categories/"
    xmlns:portfolio="https://eportfolio.u-pec.fr/export/leap/2959/1632471270/"
    xmlns:mahara="http://wiki.mahara.org/Developer_Area/Import%2F%2FExport/LEAP_Extensions#"
>
    <leap2:version>http://www.leapspecs.org/2010-07/2A/</leap2:version>
    <id>https://eportfolio.u-pec.fr/export/2959/1632471270</id>
    <title>Mahara Leap2A Export for HAMZA SMAHAT, 24/09/2021 10:14</title>
    <updated>2021-09-24T10:10:30+02:00</updated>
    <generator uri="https://mahara.org/" version="2008122400">Mahara</generator>
    <author>
        <name>HAMZA SMAHAT</name>
        <email>hamza.smahat@etu.u-pec.fr</email>
        <uri>portfolio:artefactinternal</uri>
    </author>

    <entry>
        <title>Profile page</title>
        <id>portfolio:view23882</id>

        <updated>2021-09-24T09:09:48+02:00</updated>
        <published>2021-09-24T09:09:48+02:00</published>
        <summary>Your profile page is what others see when they click on your name or profile picture.</summary>
        <content type="xhtml"><div xmlns="http://www.w3.org/1999/xhtml"><div><div id="user_row_1" class="clearfix">
    <div class="row-content">
    <div id="user_row_1_column_1" class="column-layout columns2 first col-width-50" style="width:48%;">
    <div class="column-content">
        <div class="bt-profileinfo panel panel-secondary clearfix" id="user_blockinstance_98951">
            <h3 class="title panel-heading js-heading">
            

            About me
            


            

        </h3>
    

    <div class="block" id="user_blockinstance_98951_target">
        <div class="panel-body flush">



    <ul class="unstyled profile-info"><li><strong>Nom préféré:</strong> Hamza Smahat</li>
            
                                    <li><strong>Identifiant étudiant:</strong> u32105684</li>
            
                                    <li><strong>Nom:</strong> SMAHAT</li>
            
                                    <li><strong>Prénom:</strong> HAMZA</li>
            
        
    </ul></div>


        
    </div>
</div>
<div class="bt-myviews panel panel-secondary clearfix" id="user_blockinstance_98950">
            <h3 class="title panel-heading js-heading">
            

            My portfolios
            


            

        </h3>
    

    <div class="block" id="user_blockinstance_98950_target">
            <div class="list-group">
        <div id="user_myviewlist" class="list-group">
                <div class="list-group-item">
        <a href="https://eportfolio.u-pec.fr/view/view.php?id=23906" class="outer-link">
            <span class="sr-only">Découverte de Mahara</span>
        </a>

        <h4 class="title list-group-item-heading text-inline">
            <a href="https://eportfolio.u-pec.fr/view/view.php?id=23906">Découverte de Mahara</a>
        </h4>

        
        
                <div class="list-group-item-text text-small">
            Mes premiers pas sur Mahara
        </div>
        

        
    </div>
    <div class="list-group-item">
        <a href="https://eportfolio.u-pec.fr/view/view.php?id=23928" class="outer-link">
            <span class="sr-only">Untitled</span>
        </a>

        <h4 class="title list-group-item-heading text-inline">
            <a href="https://eportfolio.u-pec.fr/view/view.php?id=23928">Untitled</a>
        </h4>

        
        
        

        
    </div>


        </div>
            <div id="user_myviews_page_container" class="hidden"><div id="user_myviews_pagination" class="pagination-wrapper center"><div class="lead text-small results pull-right">2 résultats</div></div></div>
    
        </div>




        
    </div>
</div>
<div class="bt-mygroups panel panel-secondary clearfix" id="user_blockinstance_98949">
            <h3 class="title panel-heading js-heading">
            

            Mes groupes
            


            

        </h3>
    

    <div class="block" id="user_blockinstance_98949_target">
            <div class="panel-body">
        <p class="no-results-small">Affilié à aucun groupe</p>
    </div>



        
    </div>
</div>

    </div>
</div>
<div id="user_row_1_column_2" class="column-layout columns2 last col-width-50" style="width:48%;">
    <div class="column-content">
        <div class="bt-myfriends panel panel-secondary clearfix" id="user_blockinstance_98948">
            <h3 class="title panel-heading js-heading">
            

            Mes contacts
            


            

        </h3>
    

    <div class="block" id="user_blockinstance_98948_target">
        <div class="friends panel-body">
    <div id="user_userfriendstable">
       <div class="js-masonry user-thumbnails">
            <a href="https://eportfolio.u-pec.fr/user/view.php?id=2962" class="item user-icon metadata user-icon-larger d0">
            <img src="https://eportfolio.u-pec.fr/theme/raw/images/no_userphoto.png" alt="Image du profil de Ilyas Mahfoudhi" height="100" /></a><p class="member-name"><a href="https://eportfolio.u-pec.fr/user/view.php?id=2962" class="item user-icon metadata user-icon-larger d0">Ilyas Mahfoudhi</a></p><a href="https://eportfolio.u-pec.fr/user/view.php?id=2962" class="item user-icon metadata user-icon-larger d0">
        </a>
            <a href="https://eportfolio.u-pec.fr/user/view.php?id=2961" class="item user-icon metadata user-icon-larger d1">
            <img src="https://eportfolio.u-pec.fr/theme/raw/images/no_userphoto.png" alt="Image du profil de Rayan Rouibah" height="100" /></a><p class="member-name"><a href="https://eportfolio.u-pec.fr/user/view.php?id=2961" class="item user-icon metadata user-icon-larger d1">Rayan Rouibah</a></p><a href="https://eportfolio.u-pec.fr/user/view.php?id=2961" class="item user-icon metadata user-icon-larger d1">
        </a>
            <a href="https://eportfolio.u-pec.fr/user/view.php?id=2960" class="item user-icon metadata user-icon-larger d0">
            <img src="https://eportfolio.u-pec.fr/theme/raw/images/no_userphoto.png" alt="Image du profil de Yacine Abdi" height="100" /></a><p class="member-name"><a href="https://eportfolio.u-pec.fr/user/view.php?id=2960" class="item user-icon metadata user-icon-larger d0">Yacine Abdi</a></p><a href="https://eportfolio.u-pec.fr/user/view.php?id=2960" class="item user-icon metadata user-icon-larger d0">
        </a>
    

</div>


    </div>
    <div id="user_myfriends_page_container" class="hidden">
        
    </div>
    </div>


        
    </div>
</div>
<div class="bt-wall panel panel-secondary clearfix" id="user_blockinstance_98947">
            <h3 class="title panel-heading js-heading">
            

            Mur
            


            

        </h3>
    

    <div class="block" id="user_blockinstance_98947_target">
        <div id="user_wall-wrap" class="panel-form"><p class="metadata">Au maximum 1500 caractères par message.</p><div>Envoyer <span class="requiredmarker">*</span></div><div class="makeprivate checkbox form-group">Rendre votre message privé ? <div class="form-switch">    <div class="switch" style="width:61px;">            <span class="switch-inner"></span>            <span class="switch-indicator"></span>            <span class="state-label on">Yes</span>            <span class="state-label off">No</span>            </div></div></div><div class="form-group"></div></div><div id="user_wall" class="wall">
            <div class="lead text-small text-center">Aucun message à afficher sur le mur</div>
    
    
</div>
    <a href="https://eportfolio.u-pec.fr/blocktype/wall/wall.php?id=98947" class="detail-link link-blocktype"><span class="icon icon-arrow-circle-right"></span> Voir tout le mur</a>



        
    </div>
</div>

    </div>
</div>

    </div>
</div>
</div></div></content>
        <rdf:type rdf:resource="leap2:selection"/>

        <link rel="leap2:has_part" href="portfolio:artefact62972"/>
        <link rel="leap2:has_part" href="portfolio:artefact62971"/>
        <link rel="leap2:has_part" href="portfolio:artefact62970"/>
        <link rel="leap2:has_part" href="portfolio:artefact62969"/>


        <category term="Webpage" scheme="categories:selection_type#"/>





        <mahara:view mahara:layout="50,50" mahara:type="profile" mahara:ownerformat="6">
          <mahara:row>
            <mahara:column>
                <mahara:blockinstance mahara:blocktype="profileinfo" mahara:blocktitle="About me">
                    <mahara:fields>[[&quot;preferredname&quot;,&quot;studentid&quot;,&quot;lastname&quot;,&quot;firstname&quot;]]</mahara:fields>

                </mahara:blockinstance>
                <mahara:blockinstance mahara:blocktype="myviews" mahara:blocktitle="My pages">

                </mahara:blockinstance>
                <mahara:blockinstance mahara:blocktype="mygroups" mahara:blocktitle="My groups">

                </mahara:blockinstance>

            </mahara:column>
            <mahara:column>
                <mahara:blockinstance mahara:blocktype="myfriends" mahara:blocktitle="My friends">

                </mahara:blockinstance>
                <mahara:blockinstance mahara:blocktype="wall" mahara:blocktitle="Wall">

                </mahara:blockinstance>

            </mahara:column>

          </mahara:row>

        </mahara:view>
    </entry>

    <entry>
        <title>Dashboard page</title>
        <id>portfolio:view23883</id>

        <updated>2021-09-24T09:09:48+02:00</updated>
        <published>2021-09-24T09:09:48+02:00</published>

        <content type="xhtml"><div xmlns="http://www.w3.org/1999/xhtml"><div><div id="user_row_1" class="clearfix">
    <div class="row-content">
    <div id="user_row_1_column_1" class="column-layout columns2 first col-width-50" style="width:48%;">
    <div class="column-content">
        <div class="bt-newviews panel panel-secondary clearfix" id="user_blockinstance_98955">
            <h3 class="title panel-heading js-heading">
            

            Latest changes I can view
            


            

        </h3>
    

    <div class="block" id="user_blockinstance_98955_target">
        <div class="list-group">
        <div class="list-group-item">
        <h4 class="list-group-item-heading text-inline">
            <a href="https://eportfolio.u-pec.fr/view/view.php?id=23928">Untitled</a>
        </h4>
        <span class="text-small text-midtone"></span>
                <div class="groupuserdate text-small">
                                            <a href="https://eportfolio.u-pec.fr/user/view.php?id=2959" class="text-link">
                    Hamza Smahat
                </a>
            
        
            <span class="postedon text-midtone">
                -                     Créé le
                
                24 septembre 2021
            </span>
        </div>
        
    </div>
        <div class="list-group-item">
        <h4 class="list-group-item-heading text-inline">
            <a href="https://eportfolio.u-pec.fr/view/view.php?id=23906">Découverte de Mahara</a>
        </h4>
        <span class="text-small text-midtone"></span>
                <div class="groupuserdate text-small">
                                            <a href="https://eportfolio.u-pec.fr/user/view.php?id=2959" class="text-link">
                    Hamza Smahat
                </a>
            
        
            <span class="postedon text-midtone">
                -                     Mis à jour
                
                24 septembre 2021
            </span>
        </div>
                <p class="detail list-group-item-text text-small">
            Mes premiers pas sur Mahara
        </p>
        
    </div>
        <div class="list-group-item">
        <h4 class="list-group-item-heading text-inline">
            <a href="https://eportfolio.u-pec.fr/view/view.php?id=23862">Decouverte de Mahara </a>
        </h4>
        <span class="text-small text-midtone"></span>
                <div class="groupuserdate text-small">
                                            <a href="https://eportfolio.u-pec.fr/user/view.php?id=2944" class="text-link">
                    Fabio Monte
                </a>
            
        
            <span class="postedon text-midtone">
                -                     Mis à jour
                
                23 septembre 2021
            </span>
        </div>
                <p class="detail list-group-item-text text-small">
            Mes premiers pas sur Mahara
        </p>
        
    </div>
        <div class="list-group-item">
        <h4 class="list-group-item-heading text-inline">
            <a href="https://eportfolio.u-pec.fr/view/view.php?id=23861">Découverte de Mahara</a>
        </h4>
        <span class="text-small text-midtone"></span>
                <div class="groupuserdate text-small">
                                            <a href="https://eportfolio.u-pec.fr/user/view.php?id=2947" class="text-link">
                    Kishanthan Ratnalingam
                </a>
            
        
            <span class="postedon text-midtone">
                -                     Mis à jour
                
                23 septembre 2021
            </span>
        </div>
                <p class="detail list-group-item-text text-small">
            Mes premiers pas sur Mahara !
        </p>
        
    </div>
        <div class="list-group-item">
        <h4 class="list-group-item-heading text-inline">
            <a href="https://eportfolio.u-pec.fr/view/view.php?id=23860">Decouverte de portfolio</a>
        </h4>
        <span class="text-small text-midtone"></span>
                <div class="groupuserdate text-small">
                                            <a href="https://eportfolio.u-pec.fr/user/view.php?id=2941" class="text-link">
                    Jananthan
                </a>
            
        
            <span class="postedon text-midtone">
                -                     Mis à jour
                
                23 septembre 2021
            </span>
        </div>
                <p class="detail list-group-item-text text-small">
            decouverte
        </p>
        
    </div>
    
</div>



        
    </div>
</div>
<div class="bt-myviews panel panel-secondary clearfix" id="user_blockinstance_98954">
            <h3 class="title panel-heading js-heading">
            

            My portfolios
            


            

        </h3>
    

    <div class="block" id="user_blockinstance_98954_target">
            <div class="list-group">
        <div id="user_myviewlist" class="list-group">
                <div class="list-group-item">
        <a href="https://eportfolio.u-pec.fr/view/view.php?id=23906" class="outer-link">
            <span class="sr-only">Découverte de Mahara</span>
        </a>

        <h4 class="title list-group-item-heading text-inline">
            <a href="https://eportfolio.u-pec.fr/view/view.php?id=23906">Découverte de Mahara</a>
        </h4>

        
        
                <div class="list-group-item-text text-small">
            Mes premiers pas sur Mahara
        </div>
        

        
    </div>
    <div class="list-group-item">
        <a href="https://eportfolio.u-pec.fr/view/view.php?id=23928" class="outer-link">
            <span class="sr-only">Untitled</span>
        </a>

        <h4 class="title list-group-item-heading text-inline">
            <a href="https://eportfolio.u-pec.fr/view/view.php?id=23928">Untitled</a>
        </h4>

        
        
        

        
    </div>


        </div>
            <div id="user_myviews_page_container" class="hidden"><div id="user_myviews_pagination" class="pagination-wrapper center"><div class="lead text-small results pull-right">2 résultats</div></div></div>
    
        </div>




        
    </div>
</div>

    </div>
</div>
<div id="user_row_1_column_2" class="column-layout columns2 last col-width-50" style="width:48%;">
    <div class="column-content">
        <div class="bt-inbox panel panel-secondary clearfix" id="user_blockinstance_98952">
            <h3 class="title panel-heading js-heading">
            

            Boîte de réception
            


            

        </h3>
    

    <div class="block" id="user_blockinstance_98952_target">
            <div id="user_inboxblock" class="inboxblock list-group">
                <div class="has-attachment panel-default collapsible list-group-item">
                            <a class="collapsed link-block" href="#message_content_maharamessage_46440">
                                            <span class="icon icon-wrench text-default left"></span>
                    
                    <span class="sr-only"></span>
                    Demande de rejoindre la liste de contacts acceptée
                    <span class="icon icon-chevron-down collapse-indicator pull-right text-small"></span>
                </a>
            
            <div class="collapse" id="user_message_content_maharamessage_46440">
                                    <p class="content-text">Rayan Rouibah a accepté votre demande et a été ajouté à votre liste de contacts</p>
                                        <a href="https://eportfolio.u-pec.fr/user/view.php?id=2961" class="text-small">
                        Plus... <span class="icon icon-arrow-right mls icon-sm"></span>
                    </a>
                    
                    
                
            </div>
        </div>
                <div class="has-attachment panel-default collapsible list-group-item">
                            <a class="collapsed link-block" href="#message_content_maharamessage_46419">
                                            <span class="icon icon-wrench text-default left"></span>
                    
                    <span class="sr-only"></span>
                    Demande de rejoindre la liste de contacts déclinée
                    <span class="icon icon-chevron-down collapse-indicator pull-right text-small"></span>
                </a>
            
            <div class="collapse" id="user_message_content_maharamessage_46419">
                                    <p class="content-text">Rayan Rouibah a décliné votre demande de l'ajouter à votre liste de contacts</p>
                                        <a href="https://eportfolio.u-pec.fr/user/view.php?id=2961" class="text-small">
                        Rayan Rouibah <span class="icon icon-arrow-right mls icon-sm"></span>
                    </a>
                    
                    
                
            </div>
        </div>
                <div class="has-attachment panel-default collapsible list-group-item">
                            <a class="collapsed link-block" href="#message_content_maharamessage_46418">
                                            <span class="icon icon-wrench text-default left"></span>
                    
                    <span class="sr-only"></span>
                    Demande de rejoindre la liste de contacts acceptée
                    <span class="icon icon-chevron-down collapse-indicator pull-right text-small"></span>
                </a>
            
            <div class="collapse" id="user_message_content_maharamessage_46418">
                                    <p class="content-text">Yacine Abdi a accepté votre demande et a été ajouté à votre liste de contacts</p>
                                        <a href="https://eportfolio.u-pec.fr/user/view.php?id=2960" class="text-small">
                        Plus... <span class="icon icon-arrow-right mls icon-sm"></span>
                    </a>
                    
                    
                
            </div>
        </div>
                <div class="has-attachment panel-default collapsible list-group-item">
                            <a class="collapsed link-block" href="#message_content_maharamessage_46417">
                                            <span class="icon icon-wrench text-default left"></span>
                    
                    <span class="sr-only"></span>
                    Demande de rejoindre la liste de contacts acceptée
                    <span class="icon icon-chevron-down collapse-indicator pull-right text-small"></span>
                </a>
            
            <div class="collapse" id="user_message_content_maharamessage_46417">
                                    <p class="content-text">Ilyas Mahfoudhi a accepté votre demande et a été ajouté à votre liste de contacts</p>
                                        <a href="https://eportfolio.u-pec.fr/user/view.php?id=2962" class="text-small">
                        Plus... <span class="icon icon-arrow-right mls icon-sm"></span>
                    </a>
                    
                    
                
            </div>
        </div>
                <div class="has-attachment panel-default collapsible list-group-item">
                            <a class="collapsed link-block" href="#message_content_maharamessage_46409">
                                            <span class="icon icon-wrench text-default left"></span>
                    
                    <span class="sr-only"></span>
                    Institution membership confirmation
                    <span class="icon icon-chevron-down collapse-indicator pull-right text-small"></span>
                </a>
            
            <div class="collapse" id="user_message_content_maharamessage_46409">
                                    <p class="content-text">You have been added as a member of UPEC.</p>
                    
                    
                
            </div>
        </div>
        
    </div>
    



        
                            <a href="https://eportfolio.u-pec.fr/module/multirecipientnotification/inbox.php" class="detail-link link-blocktype"><span class="icon icon-link"></span> Description alternative du lien</a>
            
        
    </div>
</div>
<div class="bt-inbox panel panel-secondary clearfix" id="user_blockinstance_98953">
            <h3 class="title panel-heading js-heading">
            

            Sujets que je suis
            


            

        </h3>
    

    <div class="block" id="user_blockinstance_98953_target">
            <div class="panel-body">
        <p class="lead text-small">Pas de messages</p>
    </div>



        
                            <a href="https://eportfolio.u-pec.fr/module/multirecipientnotification/inbox.php" class="detail-link link-blocktype"><span class="icon icon-link"></span> Description alternative du lien</a>
            
        
    </div>
</div>

    </div>
</div>

    </div>
</div>
</div></div></content>
        <rdf:type rdf:resource="leap2:selection"/>



        <category term="Webpage" scheme="categories:selection_type#"/>





        <mahara:view mahara:layout="50,50" mahara:type="dashboard" mahara:ownerformat="6">
          <mahara:row>
            <mahara:column>
                <mahara:blockinstance mahara:blocktype="newviews" mahara:blocktitle="">
                    <mahara:limit>[5]</mahara:limit>

                </mahara:blockinstance>
                <mahara:blockinstance mahara:blocktype="myviews" mahara:blocktitle="">

                </mahara:blockinstance>

            </mahara:column>
            <mahara:column>
                <mahara:blockinstance mahara:blocktype="inbox" mahara:blocktitle="">
                    <mahara:feedback>[true]</mahara:feedback>
                    <mahara:groupmessage>[true]</mahara:groupmessage>
                    <mahara:institutionmessage>[true]</mahara:institutionmessage>
                    <mahara:maharamessage>[true]</mahara:maharamessage>
                    <mahara:usermessage>[true]</mahara:usermessage>
                    <mahara:viewaccess>[true]</mahara:viewaccess>
                    <mahara:watchlist>[true]</mahara:watchlist>
                    <mahara:maxitems>[&quot;5&quot;]</mahara:maxitems>
                    <mahara:wallpost>[true]</mahara:wallpost>

                </mahara:blockinstance>
                <mahara:blockinstance mahara:blocktype="inbox" mahara:blocktitle="">
                    <mahara:newpost>[true]</mahara:newpost>
                    <mahara:maxitems>[&quot;5&quot;]</mahara:maxitems>

                </mahara:blockinstance>

            </mahara:column>

          </mahara:row>

        </mahara:view>
    </entry>

    <entry>
        <title>Découverte de Mahara</title>
        <id>portfolio:view23906</id>

        <updated>2021-09-24T09:09:16+02:00</updated>
        <published>2021-09-24T09:09:41+02:00</published>
        <summary type="xhtml"><div xmlns="http://www.w3.org/1999/xhtml"><div><p>Mes premiers pas sur Mahara</p></div></div></summary>
        <content type="xhtml"><div xmlns="http://www.w3.org/1999/xhtml"><div><div id="user_row_1" class="clearfix">
    <div class="row-content">
    <div id="user_row_1_column_1" class="column-layout columns3 first col-width-33" style="width:31%;">
    <div class="column-content">
        <div class="bt-image panel panel-secondary clearfix" id="user_blockinstance_99022">
            <h3 class="title panel-heading js-heading">
            

            Image
            


            

        </h3>
    

    <div class="block" id="user_blockinstance_99022_target">
        <div class="imageblock panel-body">
    <div class="image">
        <a href="https://eportfolio.u-pec.fr/artefact/artefact.php?artefact=63075&amp;view=23906">
            <img rel="leap2:has_part" href="portfolio:artefact63075" alt="" /></a>
    </div>

    
</div>

    <div class="comments pull-left">
        
                    <a class="addcomment link-blocktype" href="https://eportfolio.u-pec.fr/artefact/artefact.php?view=23906&amp;artefact=63075">
                <span class="icon icon-arrow-circle-right"></span>
                Ajouter un commentaire
            </a>
        
    </div>

    <div class="feedback modal modal-docked" id="user_feedbacktable_99022">
        <div class="modal-dialog modal-lg">
            <div class="modal-content">
                <div class="modal-header clearfix">
                    
                        <span class="times">×</span>
                        <span class="sr-only">Fermer</span>
                    
                    <h4 class="modal-title pull-left">
                        <span class="icon icon-lg icon-comments left"></span>
                        Commentaires - index.jpg
                    </h4>
                                        <a class="addcomment pull-right" href="https://eportfolio.u-pec.fr/artefact/artefact.php?view=23906&amp;artefact=63075">
                        Ajouter un commentaire
                        <span class="icon icon-arrow-right right"></span>
                    </a>
                    
                </div>
                <div class="modal-body flush">
                
<div class="list-group list-group-lite">

</div>

                </div>
            </div>
        </div>
    </div>




        
                            <a href="https://eportfolio.u-pec.fr/artefact/artefact.php?artefact=63075&amp;view=23906&amp;block=99022" class="detail-link link-blocktype"><span class="icon icon-link"></span> Description alternative du lien</a>
            
        
    </div>
</div>
<div class="bt-text panel panel-secondary clearfix" id="user_blockinstance_99018">
            <h3 class="title panel-heading js-heading">
            

            Texte
            


            

        </h3>
    

    <div class="block" id="user_blockinstance_99018_target">
        <div class="textblock panel-body flush">
<p>Description de la première page</p>
</div>


        
    </div>
</div>

    </div>
</div>
<div id="user_row_1_column_2" class="column-layout columns3 col-width-33" style="width:31%;">
    <div class="column-content">
        
    </div>
</div>
<div id="user_row_1_column_3" class="column-layout columns3 last col-width-33" style="width:31%;">
    <div class="column-content">
        
    </div>
</div>

    </div>
</div>
</div></div></content>
        <rdf:type rdf:resource="leap2:selection"/>

        <link rel="leap2:has_part" href="portfolio:artefact63075"/>


        <category term="Webpage" scheme="categories:selection_type#"/>





        <mahara:view mahara:layout="33,33,33" mahara:type="portfolio" mahara:ownerformat="6">
          <mahara:row>
            <mahara:column>
                <mahara:blockinstance mahara:blocktype="image" mahara:blocktitle="Image">
                    <mahara:artefactid>[&quot;portfolio:artefact63075&quot;]</mahara:artefactid>
                    <mahara:showdescription>[false]</mahara:showdescription>
                    <mahara:width>[&quot;&quot;]</mahara:width>
                    <mahara:retractable>[0]</mahara:retractable>
                    <mahara:retractedonload>[0]</mahara:retractedonload>

                </mahara:blockinstance>
                <mahara:blockinstance mahara:blocktype="text" mahara:blocktitle="Texte">
                    <mahara:text>[&quot;&lt;p&gt;Description de la premi&amp;egrave;re page&lt;\/p&gt;&quot;]</mahara:text>

                </mahara:blockinstance>

            </mahara:column>
            <mahara:column>

            </mahara:column>
            <mahara:column>

            </mahara:column>

          </mahara:row>

        </mahara:view>
    </entry>

    <entry>
        <title>Untitled</title>
        <id>portfolio:view23928</id>

        <updated>2021-09-24T09:09:34+02:00</updated>
        <published>2021-09-24T09:09:34+02:00</published>

        <content type="xhtml"><div xmlns="http://www.w3.org/1999/xhtml"><div><div id="user_row_1" class="clearfix">
    <div class="row-content">
    <div id="user_row_1_column_1" class="column-layout columns3 first col-width-33" style="width:31%;">
    <div class="column-content">
        
    </div>
</div>
<div id="user_row_1_column_2" class="column-layout columns3 col-width-33" style="width:31%;">
    <div class="column-content">
        
    </div>
</div>
<div id="user_row_1_column_3" class="column-layout columns3 last col-width-33" style="width:31%;">
    <div class="column-content">
        
    </div>
</div>

    </div>
</div>
</div></div></content>
        <rdf:type rdf:resource="leap2:selection"/>



        <category term="Webpage" scheme="categories:selection_type#"/>





        <mahara:view mahara:layout="33,33,33" mahara:type="portfolio" mahara:ownerformat="6">
          <mahara:row>
            <mahara:column>

            </mahara:column>
            <mahara:column>

            </mahara:column>
            <mahara:column>

            </mahara:column>

          </mahara:row>

        </mahara:view>
    </entry>

    <entry>
        <title>Journal de Hamza Smahat</title>
        <id>portfolio:artefact62973</id>

        <updated>2021-09-24T09:09:48+02:00</updated>
        <published>2021-09-24T09:09:48+02:00</published>

        <content></content>
        <rdf:type rdf:resource="leap2:selection"/>
        <mahara:artefactplugin mahara:type="blog" mahara:plugin="blog"/>


        <category term="Blog" scheme="categories:selection_type#"/>



    </entry>


    <entry>
        <title>index.jpg</title>
        <id>portfolio:artefact63075</id>

        <updated>2021-09-24T09:09:15+02:00</updated>
        <published>2021-09-24T09:09:15+02:00</published>

        <content></content>
        <rdf:type rdf:resource="leap2:resource"/>
        <mahara:artefactplugin mahara:type="image" mahara:plugin="file"/>
        <link rel="enclosure" type="image/jpeg" href="files/0-index.jpg"/>
        <link rel="leap2:is_part_of" href="portfolio:view23906"/>


        <category term="Offline" scheme="categories:resource_type#" label="File"/>



    </entry>


    <entry>
        <title>Hamza Smahat</title>
        <id>portfolio:artefactinternal</id>

        <updated>2021-09-24T09:09:05+02:00</updated>


        <content type="html">&lt;p&gt;Élève de première année en BUT R&amp;amp;T à l'Upec Créteil/vitry&lt;/p&gt;</content>
        <rdf:type rdf:resource="leap2:person"/>
        <mahara:artefactplugin mahara:type="internal" mahara:plugin="internal"/>


        <category term="Self" scheme="categories:person_type#"/>





        <leap2:persondata
            mahara:artefactplugin="internal"
            mahara:artefacttype="email"
            leap2:field="email"

            leap2:label="Adresse de courriel"

        >hamza.smahat@etu.u-pec.fr</leap2:persondata>
        <leap2:persondata
            mahara:artefactplugin="internal"
            mahara:artefacttype="firstname"
            leap2:field="legal_given_name"

            leap2:label="Prénom"

        >HAMZA</leap2:persondata>
        <leap2:persondata
            mahara:artefactplugin="internal"
            mahara:artefacttype="lastname"
            leap2:field="legal_family_name"

            leap2:label="Nom"

        >SMAHAT</leap2:persondata>
        <leap2:persondata
            mahara:artefactplugin="internal"
            mahara:artefacttype="mobilenumber"
            leap2:field="mobile"

            leap2:label="Téléphone mobile"

        >0695821185</leap2:persondata>
        <leap2:persondata
            mahara:artefactplugin="internal"
            mahara:artefacttype="preferredname"
            leap2:field="preferred_given_name"

            leap2:label="Nom préféré"

        >Hamza Smahat</leap2:persondata>
        <leap2:persondata
            mahara:artefactplugin="internal"
            mahara:artefacttype="studentid"
            leap2:field="other"

            leap2:label="Identifiant étudiant"

        >u32105684</leap2:persondata>
        <leap2:persondata
            mahara:artefactplugin="resume"
            mahara:artefacttype="personalinformation/dateofbirth"
            leap2:field="dob"

            leap2:label="Date de naissance"

        >2003-07-01T06:06:00+02:00</leap2:persondata>
        <leap2:persondata
            mahara:artefactplugin="resume"
            mahara:artefacttype="personalinformation/placeofbirth"
            leap2:field="other" mahara:field="placeofbirth"

            leap2:label="Lieu de naissance"

        >Hopital de creteil</leap2:persondata>
        <leap2:persondata
            mahara:artefactplugin="resume"
            mahara:artefacttype="personalinformation/citizenship"
            leap2:field="other" mahara:field="citizenship"

            leap2:label="Citoyenneté"

        >Français</leap2:persondata>
        <leap2:persondata
            mahara:artefactplugin="resume"
            mahara:artefacttype="personalinformation/gender"
            leap2:field="gender"

            leap2:label="Sexe"

        >1</leap2:persondata>
        <leap2:persondata
            mahara:artefactplugin="resume"
            mahara:artefacttype="personalinformation/maritalstatus"
            leap2:field="other" mahara:field="maritalstatus"

            leap2:label="Etat civil"

        >Français</leap2:persondata>

        <leap2:spatial>
            <leap2:addressline mahara:artefacttype="city">île-de-france</leap2:addressline>
            <leap2:country mahara:artefacttype="country" leap2:countrycode="fra">France</leap2:country>
            <leap2:addressline mahara:artefacttype="town">Boissy-saint-leger</leap2:addressline>

        </leap2:spatial>

    </entry>

</feed>
